{
  "status": 0,
  "result": [
    {
      "createdById": "0055e000006r5hMAAQ",
      "createdByName": "Farooq Ali Khan",
      "createdDate": "2021-08-16T18:25:01.000Z",
      "fileName": "layouts/Idea-Idea Layout.layout",
      "fullName": "Idea-Idea Layout",
      "id": "00h5e00000CL1ONAA1",
      "lastModifiedById": "0055e000006r5hMAAQ",
      "lastModifiedByName": "Farooq Ali Khan",
      "lastModifiedDate": "2021-08-16T18:25:01.000Z",
      "manageableState": "unmanaged",
      "type": "Layout"
    },
    {
      "createdById": "0055e000006r5hMAAQ",
      "createdByName": "Farooq Ali Khan",
      "createdDate": "2021-08-16T18:25:01.000Z",
      "fileName": "layouts/Opportunity-Opportunity %28Support%29 Layout.layout",
      "fullName": "Opportunity-Opportunity %28Support%29 Layout",
      "id": "00h5e00000CL1N4AAL",
      "lastModifiedById": "0055e000006r5hMAAQ",
      "lastModifiedByName": "Farooq Ali Khan",
      "lastModifiedDate": "2021-08-16T18:25:01.000Z",
      "manageableState": "unmanaged",
      "type": "Layout"
    },
    {
      "createdById": "0055e000006r5hMAAQ",
      "createdByName": "Farooq Ali Khan",
      "createdDate": "2021-08-16T18:25:01.000Z",
      "fileName": "layouts/OrderItem-Order Product Layout.layout",
      "fullName": "OrderItem-Order Product Layout",
      "id": "00h5e00000CL1OQAA1",
      "lastModifiedById": "0055e000006r5hMAAQ",
      "lastModifiedByName": "Farooq Ali Khan",
      "lastModifiedDate": "2021-08-16T18:25:01.000Z",
      "manageableState": "unmanaged",
      "type": "Layout"
    },
    {
      "createdById": "0055e000006r5hMAAQ",
      "createdByName": "Farooq Ali Khan",
      "createdDate": "2021-08-16T18:25:01.000Z",
      "fileName": "layouts/WorkAccess-Access Layout.layout",
      "fullName": "WorkAccess-Access Layout",
      "id": "00h5e00000CL1O4AAL",
      "lastModifiedById": "0055e000006r5hMAAQ",
      "lastModifiedByName": "Farooq Ali Khan",
      "lastModifiedDate": "2021-08-16T18:25:01.000Z",
      "manageableState": "unmanaged",
      "type": "Layout"
    },
    {
      "createdById": "0055e0000069BfrAAE",
      "createdByName": "salesforce.com, inc.",
      "createdDate": "2021-08-16T18:25:01.000Z",
      "fileName": "layouts/DataUsePurpose-Data Use Purpose Layout.layout",
      "fullName": "DataUsePurpose-Data Use Purpose Layout",
      "id": "00h5e00000CL1OxAAL",
      "lastModifiedById": "0055e000006r5hMAAQ",
      "lastModifiedByName": "Farooq Ali Khan",
      "lastModifiedDate": "2021-08-16T18:27:07.000Z",
      "manageableState": "unmanaged",
      "type": "Layout"
    },
    {
      "createdById": "0055e0000069BfrAAE",
      "createdByName": "salesforce.com, inc.",
      "createdDate": "2021-08-16T18:25:01.000Z",
      "fileName": "layouts/PaymentGateway-Payment Gateway Layout.layout",
      "fullName": "PaymentGateway-Payment Gateway Layout",
      "id": "00h5e00000CL1NNAA1",
      "lastModifiedById": "0055e0000069BfrAAE",
      "lastModifiedByName": "salesforce.com, inc.",
      "lastModifiedDate": "2021-08-16T18:25:01.000Z",
      "manageableState": "unmanaged",
      "type": "Layout"
    },
    {
      "createdById": "0055e000006r5hMAAQ",
      "createdByName": "Farooq Ali Khan",
      "createdDate": "2021-08-16T18:25:01.000Z",
      "fileName": "layouts/ContentVersion-Content Version Layout.layout",
      "fullName": "ContentVersion-Content Version Layout",
      "id": "00h5e00000CL1OUAA1",
      "lastModifiedById": "0055e000006r5hMAAQ",
      "lastModifiedByName": "Farooq Ali Khan",
      "lastModifiedDate": "2021-08-16T18:25:01.000Z",
      "manageableState": "unmanaged",
      "type": "Layout"
    },
    {
      "createdById": "0055e000006r5hMAAQ",
      "createdByName": "Farooq Ali Khan",
      "createdDate": "2021-08-16T18:25:01.000Z",
      "fileName": "layouts/Account-Account %28Support%29 Layout.layout",
      "fullName": "Account-Account %28Support%29 Layout",
      "id": "00h5e00000CL1MsAAL",
      "lastModifiedById": "0055e000006r5hMAAQ",
      "lastModifiedByName": "Farooq Ali Khan",
      "lastModifiedDate": "2021-08-17T15:29:32.000Z",
      "manageableState": "unmanaged",
      "type": "Layout"
    },
    {
      "createdById": "0055e000006r5hMAAQ",
      "createdByName": "Farooq Ali Khan",
      "createdDate": "2021-08-16T18:25:01.000Z",
      "fileName": "layouts/Case-Case %28Support%29 Layout.layout",
      "fullName": "Case-Case %28Support%29 Layout",
      "id": "00h5e00000CL1MnAAL",
      "lastModifiedById": "0055e000006r5hMAAQ",
      "lastModifiedByName": "Farooq Ali Khan",
      "lastModifiedDate": "2021-08-16T18:25:01.000Z",
      "manageableState": "unmanaged",
      "type": "Layout"
    },
    {
      "createdById": "0055e0000069BfrAAE",
      "createdByName": "salesforce.com, inc.",
      "createdDate": "2021-08-16T18:28:04.000Z",
      "fileName": "layouts/CreditMemo-Credit Memo Layout.layout",
      "fullName": "CreditMemo-Credit Memo Layout",
      "id": "00h5e000008kk30AAA",
      "lastModifiedById": "0055e0000069BfrAAE",
      "lastModifiedByName": "salesforce.com, inc.",
      "lastModifiedDate": "2021-08-16T18:28:04.000Z",
      "manageableState": "unmanaged",
      "type": "Layout"
    },
    {
      "createdById": "0055e000006r5hMAAQ",
      "createdByName": "Farooq Ali Khan",
      "createdDate": "2021-08-16T18:25:01.000Z",
      "fileName": "layouts/Account-Account %28Sales%29 Layout.layout",
      "fullName": "Account-Account %28Sales%29 Layout",
      "id": "00h5e00000CL1MrAAL",
      "lastModifiedById": "0055e000006r5hMAAQ",
      "lastModifiedByName": "Farooq Ali Khan",
      "lastModifiedDate": "2021-08-17T15:29:32.000Z",
      "manageableState": "unmanaged",
      "type": "Layout"
    },
    {
      "createdById": "0055e000006r5hMAAQ",
      "createdByName": "Farooq Ali Khan",
      "createdDate": "2021-08-16T18:27:48.000Z",
      "fileName": "layouts/Entitlement-Entitlement Layout.layout",
      "fullName": "Entitlement-Entitlement Layout",
      "id": "00h5e000008kk1lAAA",
      "lastModifiedById": "0055e000006r5hMAAQ",
      "lastModifiedByName": "Farooq Ali Khan",
      "lastModifiedDate": "2021-08-16T18:27:48.000Z",
      "manageableState": "unmanaged",
      "type": "Layout"
    },
    {
      "createdById": "0055e0000069BfrAAE",
      "createdByName": "salesforce.com, inc.",
      "createdDate": "2021-08-16T18:25:01.000Z",
      "fileName": "layouts/ReportAnomalyEventStore-Report Anomaly Event Store Layout.layout",
      "fullName": "ReportAnomalyEventStore-Report Anomaly Event Store Layout",
      "id": "00h5e00000CL1P0AAL",
      "lastModifiedById": "0055e0000069BfrAAE",
      "lastModifiedByName": "salesforce.com, inc.",
      "lastModifiedDate": "2021-08-16T18:25:01.000Z",
      "manageableState": "unmanaged",
      "type": "Layout"
    },
    {
      "createdById": "0055e000006r5hMAAQ",
      "createdByName": "Farooq Ali Khan",
      "createdDate": "2021-08-16T18:25:01.000Z",
      "fileName": "layouts/ContactPointEmail-Contact Point Email Layout.layout",
      "fullName": "ContactPointEmail-Contact Point Email Layout",
      "id": "00h5e00000CL1NfAAL",
      "lastModifiedById": "0055e000006r5hMAAQ",
      "lastModifiedByName": "Farooq Ali Khan",
      "lastModifiedDate": "2021-08-16T18:25:01.000Z",
      "manageableState": "unmanaged",
      "type": "Layout"
    },
    {
      "createdById": "0055e000006r5hMAAQ",
      "createdByName": "Farooq Ali Khan",
      "createdDate": "2021-08-16T18:25:01.000Z",
      "fileName": "layouts/Lead-Lead %28Support%29 Layout.layout",
      "fullName": "Lead-Lead %28Support%29 Layout",
      "id": "00h5e00000CL1N0AAL",
      "lastModifiedById": "0055e000006r5hMAAQ",
      "lastModifiedByName": "Farooq Ali Khan",
      "lastModifiedDate": "2021-08-16T18:25:01.000Z",
      "manageableState": "unmanaged",
      "type": "Layout"
    },
    {
      "createdById": "0055e000006r5hMAAQ",
      "createdByName": "Farooq Ali Khan",
      "createdDate": "2021-08-16T18:25:01.000Z",
      "fileName": "layouts/PricebookEntry-Price Book Entry Layout.layout",
      "fullName": "PricebookEntry-Price Book Entry Layout",
      "id": "00h5e00000CL1NlAAL",
      "lastModifiedById": "0055e000006r5hMAAQ",
      "lastModifiedByName": "Farooq Ali Khan",
      "lastModifiedDate": "2021-08-16T18:25:01.000Z",
      "manageableState": "unmanaged",
      "type": "Layout"
    },
    {
      "createdById": "0055e000006r5hMAAQ",
      "createdByName": "Farooq Ali Khan",
      "createdDate": "2021-08-16T18:25:01.000Z",
      "fileName": "layouts/ContactPointPhone-Contact Point Phone Layout.layout",
      "fullName": "ContactPointPhone-Contact Point Phone Layout",
      "id": "00h5e00000CL1NeAAL",
      "lastModifiedById": "0055e000006r5hMAAQ",
      "lastModifiedByName": "Farooq Ali Khan",
      "lastModifiedDate": "2021-08-16T18:25:01.000Z",
      "manageableState": "unmanaged",
      "type": "Layout"
    },
    {
      "createdById": "0055e0000069BfrAAE",
      "createdByName": "salesforce.com, inc.",
      "createdDate": "2021-08-16T18:28:04.000Z",
      "fileName": "layouts/InvoiceLine-Invoice Line Layout.layout",
      "fullName": "InvoiceLine-Invoice Line Layout",
      "id": "00h5e000008kk2yAAA",
      "lastModifiedById": "0055e0000069BfrAAE",
      "lastModifiedByName": "salesforce.com, inc.",
      "lastModifiedDate": "2021-08-16T18:28:04.000Z",
      "manageableState": "unmanaged",
      "type": "Layout"
    },
    {
      "createdById": "0055e0000069BfrAAE",
      "createdByName": "salesforce.com, inc.",
      "createdDate": "2021-08-16T18:25:01.000Z",
      "fileName": "layouts/WorkBadgeDefinition-Badge Layout.layout",
      "fullName": "WorkBadgeDefinition-Badge Layout",
      "id": "00h5e00000CL1O3AAL",
      "lastModifiedById": "0055e0000069BfrAAE",
      "lastModifiedByName": "salesforce.com, inc.",
      "lastModifiedDate": "2021-08-16T18:25:01.000Z",
      "manageableState": "unmanaged",
      "type": "Layout"
    },
    {
      "createdById": "0055e0000069BfrAAE",
      "createdByName": "salesforce.com, inc.",
      "createdDate": "2021-08-16T18:25:01.000Z",
      "fileName": "layouts/ConsumptionSchedule-Consumption Schedule Layout.layout",
      "fullName": "ConsumptionSchedule-Consumption Schedule Layout",
      "id": "00h5e00000CL1NhAAL",
      "lastModifiedById": "0055e0000069BfrAAE",
      "lastModifiedByName": "salesforce.com, inc.",
      "lastModifiedDate": "2021-08-16T18:25:01.000Z",
      "manageableState": "unmanaged",
      "type": "Layout"
    },
    {
      "createdById": "0055e000006r5hMAAQ",
      "createdByName": "Farooq Ali Khan",
      "createdDate": "2021-08-16T18:25:01.000Z",
      "fileName": "layouts/Contact-Contact Layout.layout",
      "fullName": "Contact-Contact Layout",
      "id": "00h5e00000CL1MxAAL",
      "lastModifiedById": "0055e000006r5hMAAQ",
      "lastModifiedByName": "Farooq Ali Khan",
      "lastModifiedDate": "2021-08-17T15:40:22.000Z",
      "manageableState": "unmanaged",
      "type": "Layout"
    },
    {
      "createdById": "0055e0000069BfrAAE",
      "createdByName": "salesforce.com, inc.",
      "createdDate": "2021-08-16T18:25:01.000Z",
      "fileName": "layouts/FeedItem-Feed Item Layout.layout",
      "fullName": "FeedItem-Feed Item Layout",
      "id": "00h5e00000CL1NcAAL",
      "lastModifiedById": "0055e0000069BfrAAE",
      "lastModifiedByName": "salesforce.com, inc.",
      "lastModifiedDate": "2021-08-16T18:25:01.000Z",
      "manageableState": "unmanaged",
      "type": "Layout"
    },
    {
      "createdById": "0055e000006r5hMAAQ",
      "createdByName": "Farooq Ali Khan",
      "createdDate": "2021-08-16T18:25:01.000Z",
      "fileName": "layouts/Account-Account Layout.layout",
      "fullName": "Account-Account Layout",
      "id": "00h5e00000CL1MtAAL",
      "lastModifiedById": "0055e000006r5hMAAQ",
      "lastModifiedByName": "Farooq Ali Khan",
      "lastModifiedDate": "2021-08-17T15:29:32.000Z",
      "manageableState": "unmanaged",
      "type": "Layout"
    },
    {
      "createdById": "0055e000006r5hMAAQ",
      "createdByName": "Farooq Ali Khan",
      "createdDate": "2021-08-16T18:27:28.000Z",
      "fileName": "layouts/WorkOrderLineItem-Work Order Line Item Layout.layout",
      "fullName": "WorkOrderLineItem-Work Order Line Item Layout",
      "id": "00h5e000008kk1fAAA",
      "lastModifiedById": "0055e000006r5hMAAQ",
      "lastModifiedByName": "Farooq Ali Khan",
      "lastModifiedDate": "2021-08-16T18:27:28.000Z",
      "manageableState": "unmanaged",
      "type": "Layout"
    },
    {
      "createdById": "0055e0000069BfrAAE",
      "createdByName": "salesforce.com, inc.",
      "createdDate": "2021-08-16T18:25:01.000Z",
      "fileName": "layouts/EmailMessage-Email Message Layout.layout",
      "fullName": "EmailMessage-Email Message Layout",
      "id": "00h5e00000CL1N7AAL",
      "lastModifiedById": "0055e0000069BfrAAE",
      "lastModifiedByName": "salesforce.com, inc.",
      "lastModifiedDate": "2021-08-16T18:25:01.000Z",
      "manageableState": "unmanaged",
      "type": "Layout"
    },
    {
      "createdById": "0055e0000069BfqAAE",
      "createdByName": "Automated Process",
      "createdDate": "2021-08-16T18:25:01.000Z",
      "fileName": "layouts/QuickText-Quick Text Layout.layout",
      "fullName": "QuickText-Quick Text Layout",
      "id": "00h5e00000CL1OnAAL",
      "lastModifiedById": "0055e0000069BfqAAE",
      "lastModifiedByName": "Automated Process",
      "lastModifiedDate": "2021-08-16T18:25:01.000Z",
      "manageableState": "unmanaged",
      "type": "Layout"
    },
    {
      "createdById": "0055e0000069BfrAAE",
      "createdByName": "salesforce.com, inc.",
      "createdDate": "2021-08-16T18:25:01.000Z",
      "fileName": "layouts/DigitalWallet-Digital Wallet Layout.layout",
      "fullName": "DigitalWallet-Digital Wallet Layout",
      "id": "00h5e00000CL1NPAA1",
      "lastModifiedById": "0055e0000069BfrAAE",
      "lastModifiedByName": "salesforce.com, inc.",
      "lastModifiedDate": "2021-08-16T18:25:01.000Z",
      "manageableState": "unmanaged",
      "type": "Layout"
    },
    {
      "createdById": "0055e0000069BfrAAE",
      "createdByName": "salesforce.com, inc.",
      "createdDate": "2021-08-16T18:25:01.000Z",
      "fileName": "layouts/Macro-Macro Layout.layout",
      "fullName": "Macro-Macro Layout",
      "id": "00h5e00000CL1NkAAL",
      "lastModifiedById": "0055e0000069BfrAAE",
      "lastModifiedByName": "salesforce.com, inc.",
      "lastModifiedDate": "2021-08-16T18:25:01.000Z",
      "manageableState": "unmanaged",
      "type": "Layout"
    },
    {
      "createdById": "0055e000006r5hMAAQ",
      "createdByName": "Farooq Ali Khan",
      "createdDate": "2021-08-16T18:25:01.000Z",
      "fileName": "layouts/Opportunity-Opportunity %28Sales%29 Layout.layout",
      "fullName": "Opportunity-Opportunity %28Sales%29 Layout",
      "id": "00h5e00000CL1N3AAL",
      "lastModifiedById": "0055e000006r5hMAAQ",
      "lastModifiedByName": "Farooq Ali Khan",
      "lastModifiedDate": "2021-08-16T18:25:01.000Z",
      "manageableState": "unmanaged",
      "type": "Layout"
    },
    {
      "createdById": "0055e0000069BfrAAE",
      "createdByName": "salesforce.com, inc.",
      "createdDate": "2021-08-16T18:25:01.000Z",
      "fileName": "layouts/Refund-Refund Layout.layout",
      "fullName": "Refund-Refund Layout",
      "id": "00h5e00000CL1NLAA1",
      "lastModifiedById": "0055e0000069BfrAAE",
      "lastModifiedByName": "salesforce.com, inc.",
      "lastModifiedDate": "2021-08-16T18:25:01.000Z",
      "manageableState": "unmanaged",
      "type": "Layout"
    },
    {
      "createdById": "0055e000006r5hMAAQ",
      "createdByName": "Farooq Ali Khan",
      "createdDate": "2021-08-16T18:25:01.000Z",
      "fileName": "layouts/Campaign-Campaign Layout.layout",
      "fullName": "Campaign-Campaign Layout",
      "id": "00h5e00000CL1OJAA1",
      "lastModifiedById": "0055e000006r5hMAAQ",
      "lastModifiedByName": "Farooq Ali Khan",
      "lastModifiedDate": "2021-08-16T18:27:17.000Z",
      "manageableState": "unmanaged",
      "type": "Layout"
    },
    {
      "createdById": "0055e000006r5hMAAQ",
      "createdByName": "Farooq Ali Khan",
      "createdDate": "2021-08-16T18:27:48.000Z",
      "fileName": "layouts/ServiceContract-Service Contract Layout.layout",
      "fullName": "ServiceContract-Service Contract Layout",
      "id": "00h5e000008kk1mAAA",
      "lastModifiedById": "0055e000006r5hMAAQ",
      "lastModifiedByName": "Farooq Ali Khan",
      "lastModifiedDate": "2021-08-16T18:27:48.000Z",
      "manageableState": "unmanaged",
      "type": "Layout"
    },
    {
      "createdById": "0055e0000069BfqAAE",
      "createdByName": "Automated Process",
      "createdDate": "2021-08-16T18:25:01.000Z",
      "fileName": "layouts/ScorecardAssociation-Scorecard Association Layout.layout",
      "fullName": "ScorecardAssociation-Scorecard Association Layout",
      "id": "00h5e00000CL1OoAAL",
      "lastModifiedById": "0055e0000069BfqAAE",
      "lastModifiedByName": "Automated Process",
      "lastModifiedDate": "2021-08-16T18:25:01.000Z",
      "manageableState": "unmanaged",
      "type": "Layout"
    },
    {
      "createdById": "0055e0000069BfrAAE",
      "createdByName": "salesforce.com, inc.",
      "createdDate": "2021-08-16T18:25:01.000Z",
      "fileName": "layouts/ApiAnomalyEventStore-API Anomaly Event Store Layout.layout",
      "fullName": "ApiAnomalyEventStore-API Anomaly Event Store Layout",
      "id": "00h5e00000CL1P3AAL",
      "lastModifiedById": "0055e0000069BfrAAE",
      "lastModifiedByName": "salesforce.com, inc.",
      "lastModifiedDate": "2021-08-16T18:25:01.000Z",
      "manageableState": "unmanaged",
      "type": "Layout"
    },
    {
      "createdById": "0055e0000069BfrAAE",
      "createdByName": "salesforce.com, inc.",
      "createdDate": "2021-08-16T18:25:01.000Z",
      "fileName": "layouts/Payment-Payment Layout.layout",
      "fullName": "Payment-Payment Layout",
      "id": "00h5e00000CL1NQAA1",
      "lastModifiedById": "0055e0000069BfrAAE",
      "lastModifiedByName": "salesforce.com, inc.",
      "lastModifiedDate": "2021-08-16T18:25:01.000Z",
      "manageableState": "unmanaged",
      "type": "Layout"
    },
    {
      "createdById": "0055e0000069BfrAAE",
      "createdByName": "salesforce.com, inc.",
      "createdDate": "2021-08-16T18:25:01.000Z",
      "fileName": "layouts/AssetRelationship-Asset Relationship Layout.layout",
      "fullName": "AssetRelationship-Asset Relationship Layout",
      "id": "00h5e00000CL1P4AAL",
      "lastModifiedById": "0055e0000069BfrAAE",
      "lastModifiedByName": "salesforce.com, inc.",
      "lastModifiedDate": "2021-08-16T18:25:01.000Z",
      "manageableState": "unmanaged",
      "type": "Layout"
    },
    {
      "createdById": "0055e0000069BfrAAE",
      "createdByName": "salesforce.com, inc.",
      "createdDate": "2021-08-16T18:27:04.000Z",
      "fileName": "layouts/AlternativePaymentMethod-Alternative Payment Method Layout.layout",
      "fullName": "AlternativePaymentMethod-Alternative Payment Method Layout",
      "id": "00h5e000008kk1bAAA",
      "lastModifiedById": "0055e0000069BfrAAE",
      "lastModifiedByName": "salesforce.com, inc.",
      "lastModifiedDate": "2021-08-16T18:27:04.000Z",
      "manageableState": "unmanaged",
      "type": "Layout"
    },
    {
      "createdById": "0055e000006r5hMAAQ",
      "createdByName": "Farooq Ali Khan",
      "createdDate": "2021-08-16T18:25:01.000Z",
      "fileName": "layouts/WorkThanks-Thanks Layout.layout",
      "fullName": "WorkThanks-Thanks Layout",
      "id": "00h5e00000CL1O1AAL",
      "lastModifiedById": "0055e000006r5hMAAQ",
      "lastModifiedByName": "Farooq Ali Khan",
      "lastModifiedDate": "2021-08-16T18:25:01.000Z",
      "manageableState": "unmanaged",
      "type": "Layout"
    },
    {
      "createdById": "0055e000006r5hMAAQ",
      "createdByName": "Farooq Ali Khan",
      "createdDate": "2021-08-16T18:25:01.000Z",
      "fileName": "layouts/Contact-Contact %28Marketing%29 Layout.layout",
      "fullName": "Contact-Contact %28Marketing%29 Layout",
      "id": "00h5e00000CL1MuAAL",
      "lastModifiedById": "0055e000006r5hMAAQ",
      "lastModifiedByName": "Farooq Ali Khan",
      "lastModifiedDate": "2021-08-17T15:40:22.000Z",
      "manageableState": "unmanaged",
      "type": "Layout"
    },
    {
      "createdById": "0055e000006r5hMAAQ",
      "createdByName": "Farooq Ali Khan",
      "createdDate": "2021-08-16T18:25:01.000Z",
      "fileName": "layouts/Individual-Individual Layout.layout",
      "fullName": "Individual-Individual Layout",
      "id": "00h5e00000CL1NgAAL",
      "lastModifiedById": "0055e000006r5hMAAQ",
      "lastModifiedByName": "Farooq Ali Khan",
      "lastModifiedDate": "2021-08-16T18:25:01.000Z",
      "manageableState": "unmanaged",
      "type": "Layout"
    },
    {
      "createdById": "0055e0000069BfrAAE",
      "createdByName": "salesforce.com, inc.",
      "createdDate": "2021-08-16T18:27:59.000Z",
      "fileName": "layouts/AssetStatePeriod-Asset State Period Layout.layout",
      "fullName": "AssetStatePeriod-Asset State Period Layout",
      "id": "00h5e000008kk2RAAQ",
      "lastModifiedById": "0055e0000069BfrAAE",
      "lastModifiedByName": "salesforce.com, inc.",
      "lastModifiedDate": "2021-08-16T18:27:59.000Z",
      "manageableState": "unmanaged",
      "type": "Layout"
    },
    {
      "createdById": "0055e000006r5hMAAQ",
      "createdByName": "Farooq Ali Khan",
      "createdDate": "2021-08-16T18:25:01.000Z",
      "fileName": "layouts/Lead-Lead %28Marketing%29 Layout.layout",
      "fullName": "Lead-Lead %28Marketing%29 Layout",
      "id": "00h5e00000CL1MyAAL",
      "lastModifiedById": "0055e000006r5hMAAQ",
      "lastModifiedByName": "Farooq Ali Khan",
      "lastModifiedDate": "2021-08-16T18:25:01.000Z",
      "manageableState": "unmanaged",
      "type": "Layout"
    },
    {
      "createdById": "0055e0000069BfrAAE",
      "createdByName": "salesforce.com, inc.",
      "createdDate": "2021-08-16T18:25:01.000Z",
      "fileName": "layouts/PaymentAuthorization-Payment Authorization Layout.layout",
      "fullName": "PaymentAuthorization-Payment Authorization Layout",
      "id": "00h5e00000CL1NSAA1",
      "lastModifiedById": "0055e0000069BfrAAE",
      "lastModifiedByName": "salesforce.com, inc.",
      "lastModifiedDate": "2021-08-16T18:25:01.000Z",
      "manageableState": "unmanaged",
      "type": "Layout"
    },
    {
      "createdById": "0055e0000069BfrAAE",
      "createdByName": "salesforce.com, inc.",
      "createdDate": "2021-08-16T18:25:01.000Z",
      "fileName": "layouts/ConsumptionRate-Consumption Rate Layout.layout",
      "fullName": "ConsumptionRate-Consumption Rate Layout",
      "id": "00h5e00000CL1NiAAL",
      "lastModifiedById": "0055e0000069BfrAAE",
      "lastModifiedByName": "salesforce.com, inc.",
      "lastModifiedDate": "2021-08-16T18:25:01.000Z",
      "manageableState": "unmanaged",
      "type": "Layout"
    },
    {
      "createdById": "0055e0000069BfrAAE",
      "createdByName": "salesforce.com, inc.",
      "createdDate": "2021-08-16T18:25:01.000Z",
      "fileName": "layouts/ThreatDetectionFeedback-Threat Detection Feedback Layout.layout",
      "fullName": "ThreatDetectionFeedback-Threat Detection Feedback Layout",
      "id": "00h5e00000CL1P2AAL",
      "lastModifiedById": "0055e0000069BfrAAE",
      "lastModifiedByName": "salesforce.com, inc.",
      "lastModifiedDate": "2021-08-16T18:25:01.000Z",
      "manageableState": "unmanaged",
      "type": "Layout"
    },
    {
      "createdById": "0055e000006r5hMAAQ",
      "createdByName": "Farooq Ali Khan",
      "createdDate": "2021-08-16T18:25:01.000Z",
      "fileName": "layouts/CaseClose-Close Case Layout.layout",
      "fullName": "CaseClose-Close Case Layout",
      "id": "00h5e00000CL1OKAA1",
      "lastModifiedById": "0055e000006r5hMAAQ",
      "lastModifiedByName": "Farooq Ali Khan",
      "lastModifiedDate": "2021-08-16T18:25:01.000Z",
      "manageableState": "unmanaged",
      "type": "Layout"
    },
    {
      "createdById": "0055e0000069BfrAAE",
      "createdByName": "salesforce.com, inc.",
      "createdDate": "2021-08-16T18:25:01.000Z",
      "fileName": "layouts/WorkBadge-Badge Received Layout.layout",
      "fullName": "WorkBadge-Badge Received Layout",
      "id": "00h5e00000CL1O2AAL",
      "lastModifiedById": "0055e0000069BfrAAE",
      "lastModifiedByName": "salesforce.com, inc.",
      "lastModifiedDate": "2021-08-16T18:25:01.000Z",
      "manageableState": "unmanaged",
      "type": "Layout"
    },
    {
      "createdById": "0055e0000069BfrAAE",
      "createdByName": "salesforce.com, inc.",
      "createdDate": "2021-08-16T18:28:02.000Z",
      "fileName": "layouts/FinanceBalanceSnapshot-Finance Balance Snapshot Layout.layout",
      "fullName": "FinanceBalanceSnapshot-Finance Balance Snapshot Layout",
      "id": "00h5e000008kk2SAAQ",
      "lastModifiedById": "0055e0000069BfrAAE",
      "lastModifiedByName": "salesforce.com, inc.",
      "lastModifiedDate": "2021-08-16T18:28:02.000Z",
      "manageableState": "unmanaged",
      "type": "Layout"
    },
    {
      "createdById": "0055e0000069BfrAAE",
      "createdByName": "salesforce.com, inc.",
      "createdDate": "2021-08-16T18:25:01.000Z",
      "fileName": "layouts/ProductConsumptionSchedule-Product Consumption Schedule Layout.layout",
      "fullName": "ProductConsumptionSchedule-Product Consumption Schedule Layout",
      "id": "00h5e00000CL1NjAAL",
      "lastModifiedById": "0055e0000069BfrAAE",
      "lastModifiedByName": "salesforce.com, inc.",
      "lastModifiedDate": "2021-08-16T18:25:01.000Z",
      "manageableState": "unmanaged",
      "type": "Layout"
    },
    {
      "createdById": "0055e0000069BfrAAE",
      "createdByName": "salesforce.com, inc.",
      "createdDate": "2021-08-16T18:25:01.000Z",
      "fileName": "layouts/SessionHijackingEventStore-Session Hijacking Event Store Layout.layout",
      "fullName": "SessionHijackingEventStore-Session Hijacking Event Store Layout",
      "id": "00h5e00000CL1P1AAL",
      "lastModifiedById": "0055e0000069BfrAAE",
      "lastModifiedByName": "salesforce.com, inc.",
      "lastModifiedDate": "2021-08-16T18:25:01.000Z",
      "manageableState": "unmanaged",
      "type": "Layout"
    },
    {
      "createdById": "0055e000006r5hMAAQ",
      "createdByName": "Farooq Ali Khan",
      "createdDate": "2021-08-16T18:25:01.000Z",
      "fileName": "layouts/Scorecard-Scorecard Layout.layout",
      "fullName": "Scorecard-Scorecard Layout",
      "id": "00h5e00000CL1OlAAL",
      "lastModifiedById": "0055e000006r5hMAAQ",
      "lastModifiedByName": "Farooq Ali Khan",
      "lastModifiedDate": "2021-08-16T18:25:01.000Z",
      "manageableState": "unmanaged",
      "type": "Layout"
    },
    {
      "createdById": "0055e000006r5hMAAQ",
      "createdByName": "Farooq Ali Khan",
      "createdDate": "2021-08-16T18:25:01.000Z",
      "fileName": "layouts/Contract-Contract Layout.layout",
      "fullName": "Contract-Contract Layout",
      "id": "00h5e00000CL1OLAA1",
      "lastModifiedById": "0055e000006r5hMAAQ",
      "lastModifiedByName": "Farooq Ali Khan",
      "lastModifiedDate": "2021-08-16T18:25:01.000Z",
      "manageableState": "unmanaged",
      "type": "Layout"
    },
    {
      "createdById": "0055e0000069BfrAAE",
      "createdByName": "salesforce.com, inc.",
      "createdDate": "2021-08-16T18:25:01.000Z",
      "fileName": "layouts/UserProvisioningLog-User Provisioning Log Layout.layout",
      "fullName": "UserProvisioningLog-User Provisioning Log Layout",
      "id": "00h5e00000CL1OiAAL",
      "lastModifiedById": "0055e0000069BfrAAE",
      "lastModifiedByName": "salesforce.com, inc.",
      "lastModifiedDate": "2021-08-16T18:25:01.000Z",
      "manageableState": "unmanaged",
      "type": "Layout"
    },
    {
      "createdById": "0055e0000069BfqAAE",
      "createdByName": "Automated Process",
      "createdDate": "2021-08-16T18:25:01.000Z",
      "fileName": "layouts/ContactPointAddress-Contact Point Address Layout.layout",
      "fullName": "ContactPointAddress-Contact Point Address Layout",
      "id": "00h5e00000CL1N8AAL",
      "lastModifiedById": "0055e0000069BfqAAE",
      "lastModifiedByName": "Automated Process",
      "lastModifiedDate": "2021-08-16T18:25:01.000Z",
      "manageableState": "unmanaged",
      "type": "Layout"
    },
    {
      "createdById": "0055e0000069BfrAAE",
      "createdByName": "salesforce.com, inc.",
      "createdDate": "2021-08-16T18:25:01.000Z",
      "fileName": "layouts/PaymentGroup-Payment Group Layout.layout",
      "fullName": "PaymentGroup-Payment Group Layout",
      "id": "00h5e00000CL1NOAA1",
      "lastModifiedById": "0055e0000069BfrAAE",
      "lastModifiedByName": "salesforce.com, inc.",
      "lastModifiedDate": "2021-08-16T18:25:01.000Z",
      "manageableState": "unmanaged",
      "type": "Layout"
    },
    {
      "createdById": "0055e0000069BfrAAE",
      "createdByName": "salesforce.com, inc.",
      "createdDate": "2021-08-16T18:27:59.000Z",
      "fileName": "layouts/AssetActionSource-Asset Action Source Layout.layout",
      "fullName": "AssetActionSource-Asset Action Source Layout",
      "id": "00h5e000008kk2QAAQ",
      "lastModifiedById": "0055e0000069BfrAAE",
      "lastModifiedByName": "salesforce.com, inc.",
      "lastModifiedDate": "2021-08-16T18:27:59.000Z",
      "manageableState": "unmanaged",
      "type": "Layout"
    },
    {
      "createdById": "0055e000006r5hMAAQ",
      "createdByName": "Farooq Ali Khan",
      "createdDate": "2021-08-16T18:25:01.000Z",
      "fileName": "layouts/ScorecardMetric-Scorecard Metric Layout.layout",
      "fullName": "ScorecardMetric-Scorecard Metric Layout",
      "id": "00h5e00000CL1OmAAL",
      "lastModifiedById": "0055e000006r5hMAAQ",
      "lastModifiedByName": "Farooq Ali Khan",
      "lastModifiedDate": "2021-08-16T18:25:01.000Z",
      "manageableState": "unmanaged",
      "type": "Layout"
    },
    {
      "createdById": "0055e0000069BfrAAE",
      "createdByName": "salesforce.com, inc.",
      "createdDate": "2021-08-16T18:25:01.000Z",
      "fileName": "layouts/ContactPointTypeConsent-Contact Point Type Consent Layout.layout",
      "fullName": "ContactPointTypeConsent-Contact Point Type Consent Layout",
      "id": "00h5e00000CL1OwAAL",
      "lastModifiedById": "0055e000006r5hMAAQ",
      "lastModifiedByName": "Farooq Ali Khan",
      "lastModifiedDate": "2021-08-16T18:27:07.000Z",
      "manageableState": "unmanaged",
      "type": "Layout"
    },
    {
      "createdById": "0055e0000069BfrAAE",
      "createdByName": "salesforce.com, inc.",
      "createdDate": "2021-08-16T18:28:02.000Z",
      "fileName": "layouts/LegalEntity-Legal Entity Layout.layout",
      "fullName": "LegalEntity-Legal Entity Layout",
      "id": "00h5e000008kk2oAAA",
      "lastModifiedById": "0055e0000069BfrAAE",
      "lastModifiedByName": "salesforce.com, inc.",
      "lastModifiedDate": "2021-08-16T18:28:02.000Z",
      "manageableState": "unmanaged",
      "type": "Layout"
    },
    {
      "createdById": "0055e000006r5hMAAQ",
      "createdByName": "Farooq Ali Khan",
      "createdDate": "2021-08-16T18:27:49.000Z",
      "fileName": "layouts/EntityMilestone-Object Milestone Layout.layout",
      "fullName": "EntityMilestone-Object Milestone Layout",
      "id": "00h5e000008kk1pAAA",
      "lastModifiedById": "0055e000006r5hMAAQ",
      "lastModifiedByName": "Farooq Ali Khan",
      "lastModifiedDate": "2021-08-16T18:27:49.000Z",
      "manageableState": "unmanaged",
      "type": "Layout"
    },
    {
      "createdById": "0055e000006r5hMAAQ",
      "createdByName": "Farooq Ali Khan",
      "createdDate": "2021-08-16T18:25:01.000Z",
      "fileName": "layouts/Event-Event Layout.layout",
      "fullName": "Event-Event Layout",
      "id": "00h5e00000CL1OMAA1",
      "lastModifiedById": "0055e000006r5hMAAQ",
      "lastModifiedByName": "Farooq Ali Khan",
      "lastModifiedDate": "2021-08-16T18:27:30.000Z",
      "manageableState": "unmanaged",
      "type": "Layout"
    },
    {
      "createdById": "0055e000006r5hMAAQ",
      "createdByName": "Farooq Ali Khan",
      "createdDate": "2021-08-16T18:27:28.000Z",
      "fileName": "layouts/WorkOrder-Work Order Layout.layout",
      "fullName": "WorkOrder-Work Order Layout",
      "id": "00h5e000008kk1eAAA",
      "lastModifiedById": "0055e000006r5hMAAQ",
      "lastModifiedByName": "Farooq Ali Khan",
      "lastModifiedDate": "2021-08-16T18:27:28.000Z",
      "manageableState": "unmanaged",
      "type": "Layout"
    },
    {
      "createdById": "0055e0000069BfrAAE",
      "createdByName": "salesforce.com, inc.",
      "createdDate": "2021-08-16T18:25:01.000Z",
      "fileName": "layouts/DuplicateRecordSet-Duplicate Record Set Layout.layout",
      "fullName": "DuplicateRecordSet-Duplicate Record Set Layout",
      "id": "00h5e00000CL1NuAAL",
      "lastModifiedById": "0055e0000069BfrAAE",
      "lastModifiedByName": "salesforce.com, inc.",
      "lastModifiedDate": "2021-08-16T18:25:01.000Z",
      "manageableState": "unmanaged",
      "type": "Layout"
    },
    {
      "createdById": "0055e000006r5hMAAQ",
      "createdByName": "Farooq Ali Khan",
      "createdDate": "2021-08-16T18:25:01.000Z",
      "fileName": "layouts/Case-Case %28Marketing%29 Layout.layout",
      "fullName": "Case-Case %28Marketing%29 Layout",
      "id": "00h5e00000CL1MlAAL",
      "lastModifiedById": "0055e000006r5hMAAQ",
      "lastModifiedByName": "Farooq Ali Khan",
      "lastModifiedDate": "2021-08-16T18:25:01.000Z",
      "manageableState": "unmanaged",
      "type": "Layout"
    },
    {
      "createdById": "0055e000006r5hMAAQ",
      "createdByName": "Farooq Ali Khan",
      "createdDate": "2021-08-16T18:25:01.000Z",
      "fileName": "layouts/Lead-Lead Layout.layout",
      "fullName": "Lead-Lead Layout",
      "id": "00h5e00000CL1N1AAL",
      "lastModifiedById": "0055e000006r5hMAAQ",
      "lastModifiedByName": "Farooq Ali Khan",
      "lastModifiedDate": "2021-08-16T18:25:01.000Z",
      "manageableState": "unmanaged",
      "type": "Layout"
    },
    {
      "createdById": "0055e0000069BfrAAE",
      "createdByName": "salesforce.com, inc.",
      "createdDate": "2021-08-16T18:25:01.000Z",
      "fileName": "layouts/UserProvisioningRequest-User Provisioning Request Layout.layout",
      "fullName": "UserProvisioningRequest-User Provisioning Request Layout",
      "id": "00h5e00000CL1OhAAL",
      "lastModifiedById": "0055e0000069BfrAAE",
      "lastModifiedByName": "salesforce.com, inc.",
      "lastModifiedDate": "2021-08-16T18:25:01.000Z",
      "manageableState": "unmanaged",
      "type": "Layout"
    },
    {
      "createdById": "0055e000006r5hMAAQ",
      "createdByName": "Farooq Ali Khan",
      "createdDate": "2021-08-16T18:25:01.000Z",
      "fileName": "layouts/CampaignMember-Campaign Member Page Layout.layout",
      "fullName": "CampaignMember-Campaign Member Page Layout",
      "id": "00h5e00000CL1NnAAL",
      "lastModifiedById": "0055e000006r5hMAAQ",
      "lastModifiedByName": "Farooq Ali Khan",
      "lastModifiedDate": "2021-08-16T18:25:01.000Z",
      "manageableState": "unmanaged",
      "type": "Layout"
    },
    {
      "createdById": "0055e0000069BfrAAE",
      "createdByName": "salesforce.com, inc.",
      "createdDate": "2021-08-16T18:25:01.000Z",
      "fileName": "layouts/PaymentLineInvoice-Payment Line Invoice Layout.layout",
      "fullName": "PaymentLineInvoice-Payment Line Invoice Layout",
      "id": "00h5e00000CL1NTAA1",
      "lastModifiedById": "0055e0000069BfrAAE",
      "lastModifiedByName": "salesforce.com, inc.",
      "lastModifiedDate": "2021-08-16T18:25:01.000Z",
      "manageableState": "unmanaged",
      "type": "Layout"
    },
    {
      "createdById": "0055e000006r5hMAAQ",
      "createdByName": "Farooq Ali Khan",
      "createdDate": "2021-08-16T18:25:01.000Z",
      "fileName": "layouts/Task-Task Layout.layout",
      "fullName": "Task-Task Layout",
      "id": "00h5e00000CL1MpAAL",
      "lastModifiedById": "0055e000006r5hMAAQ",
      "lastModifiedByName": "Farooq Ali Khan",
      "lastModifiedDate": "2021-08-16T18:27:18.000Z",
      "manageableState": "unmanaged",
      "type": "Layout"
    },
    {
      "createdById": "0055e000006r5hMAAQ",
      "createdByName": "Farooq Ali Khan",
      "createdDate": "2021-08-16T18:25:01.000Z",
      "fileName": "layouts/Order-Order Layout.layout",
      "fullName": "Order-Order Layout",
      "id": "00h5e00000CL1OPAA1",
      "lastModifiedById": "0055e000006r5hMAAQ",
      "lastModifiedByName": "Farooq Ali Khan",
      "lastModifiedDate": "2021-08-16T18:25:01.000Z",
      "manageableState": "unmanaged",
      "type": "Layout"
    },
    {
      "createdById": "0055e000006r5hMAAQ",
      "createdByName": "Farooq Ali Khan",
      "createdDate": "2021-08-16T18:25:01.000Z",
      "fileName": "layouts/Opportunity-Opportunity %28Marketing%29 Layout.layout",
      "fullName": "Opportunity-Opportunity %28Marketing%29 Layout",
      "id": "00h5e00000CL1N2AAL",
      "lastModifiedById": "0055e000006r5hMAAQ",
      "lastModifiedByName": "Farooq Ali Khan",
      "lastModifiedDate": "2021-08-16T18:25:01.000Z",
      "manageableState": "unmanaged",
      "type": "Layout"
    },
    {
      "createdById": "0055e000006r5hMAAQ",
      "createdByName": "Farooq Ali Khan",
      "createdDate": "2021-08-16T18:25:01.000Z",
      "fileName": "layouts/Account-Account %28Marketing%29 Layout.layout",
      "fullName": "Account-Account %28Marketing%29 Layout",
      "id": "00h5e00000CL1MqAAL",
      "lastModifiedById": "0055e000006r5hMAAQ",
      "lastModifiedByName": "Farooq Ali Khan",
      "lastModifiedDate": "2021-08-17T15:29:32.000Z",
      "manageableState": "unmanaged",
      "type": "Layout"
    },
    {
      "createdById": "0055e0000069BfrAAE",
      "createdByName": "salesforce.com, inc.",
      "createdDate": "2021-08-16T18:25:01.000Z",
      "fileName": "layouts/AuthorizationForm-Authorization Form Layout.layout",
      "fullName": "AuthorizationForm-Authorization Form Layout",
      "id": "00h5e00000CL1OsAAL",
      "lastModifiedById": "0055e000006r5hMAAQ",
      "lastModifiedByName": "Farooq Ali Khan",
      "lastModifiedDate": "2021-08-16T18:27:07.000Z",
      "manageableState": "unmanaged",
      "type": "Layout"
    },
    {
      "createdById": "0055e0000069BfrAAE",
      "createdByName": "salesforce.com, inc.",
      "createdDate": "2021-08-16T18:25:01.000Z",
      "fileName": "layouts/RefundLinePayment-Refund Line Payment Layout.layout",
      "fullName": "RefundLinePayment-Refund Line Payment Layout",
      "id": "00h5e00000CL1NMAA1",
      "lastModifiedById": "0055e0000069BfrAAE",
      "lastModifiedByName": "salesforce.com, inc.",
      "lastModifiedDate": "2021-08-16T18:25:01.000Z",
      "manageableState": "unmanaged",
      "type": "Layout"
    },
    {
      "createdById": "0055e000006r5hMAAQ",
      "createdByName": "Farooq Ali Khan",
      "createdDate": "2021-08-16T18:27:49.000Z",
      "fileName": "layouts/CaseMilestone-Case Milestone Layout.layout",
      "fullName": "CaseMilestone-Case Milestone Layout",
      "id": "00h5e000008kk1oAAA",
      "lastModifiedById": "0055e000006r5hMAAQ",
      "lastModifiedByName": "Farooq Ali Khan",
      "lastModifiedDate": "2021-08-16T18:27:49.000Z",
      "manageableState": "unmanaged",
      "type": "Layout"
    },
    {
      "createdById": "0055e000006r5hMAAQ",
      "createdByName": "Farooq Ali Khan",
      "createdDate": "2021-08-16T18:25:01.000Z",
      "fileName": "layouts/User-User Layout.layout",
      "fullName": "User-User Layout",
      "id": "00h5e00000CL1OTAA1",
      "lastModifiedById": "0055e000006r5hMAAQ",
      "lastModifiedByName": "Farooq Ali Khan",
      "lastModifiedDate": "2021-08-16T18:25:01.000Z",
      "manageableState": "unmanaged",
      "type": "Layout"
    },
    {
      "createdById": "0055e000006r5hMAAQ",
      "createdByName": "Farooq Ali Khan",
      "createdDate": "2021-08-16T18:25:01.000Z",
      "fileName": "layouts/OpportunityLineItem-Opportunity Product Layout.layout",
      "fullName": "OpportunityLineItem-Opportunity Product Layout",
      "id": "00h5e00000CL1OOAA1",
      "lastModifiedById": "0055e000006r5hMAAQ",
      "lastModifiedByName": "Farooq Ali Khan",
      "lastModifiedDate": "2021-08-16T18:25:01.000Z",
      "manageableState": "unmanaged",
      "type": "Layout"
    },
    {
      "createdById": "0055e0000069BfrAAE",
      "createdByName": "salesforce.com, inc.",
      "createdDate": "2021-08-16T18:25:01.000Z",
      "fileName": "layouts/PaymentGatewayLog-Payment Gateway Log Layout.layout",
      "fullName": "PaymentGatewayLog-Payment Gateway Log Layout",
      "id": "00h5e00000CL1NKAA1",
      "lastModifiedById": "0055e0000069BfrAAE",
      "lastModifiedByName": "salesforce.com, inc.",
      "lastModifiedDate": "2021-08-16T18:25:01.000Z",
      "manageableState": "unmanaged",
      "type": "Layout"
    },
    {
      "createdById": "0055e0000069BfrAAE",
      "createdByName": "salesforce.com, inc.",
      "createdDate": "2021-08-16T18:25:01.000Z",
      "fileName": "layouts/UserProvAccount-User Provisioning Account Layout.layout",
      "fullName": "UserProvAccount-User Provisioning Account Layout",
      "id": "00h5e00000CL1OjAAL",
      "lastModifiedById": "0055e0000069BfrAAE",
      "lastModifiedByName": "salesforce.com, inc.",
      "lastModifiedDate": "2021-08-16T18:25:01.000Z",
      "manageableState": "unmanaged",
      "type": "Layout"
    },
    {
      "createdById": "0055e0000069BfqAAE",
      "createdByName": "Automated Process",
      "createdDate": "2021-08-16T18:25:01.000Z",
      "fileName": "layouts/CommunityMemberLayout-Community Member Layout.layout",
      "fullName": "CommunityMemberLayout-Community Member Layout",
      "id": "00h5e00000CL1OpAAL",
      "lastModifiedById": "0055e0000069BfqAAE",
      "lastModifiedByName": "Automated Process",
      "lastModifiedDate": "2021-08-16T18:25:01.000Z",
      "manageableState": "unmanaged",
      "type": "Layout"
    },
    {
      "createdById": "0055e0000069BfrAAE",
      "createdByName": "salesforce.com, inc.",
      "createdDate": "2021-08-16T18:25:01.000Z",
      "fileName": "layouts/UserAlt-User Profile Layout.layout",
      "fullName": "UserAlt-User Profile Layout",
      "id": "00h5e00000CL1OkAAL",
      "lastModifiedById": "0055e0000069BfrAAE",
      "lastModifiedByName": "salesforce.com, inc.",
      "lastModifiedDate": "2021-08-16T18:25:01.000Z",
      "manageableState": "unmanaged",
      "type": "Layout"
    },
    {
      "createdById": "0055e000006r5hMAAQ",
      "createdByName": "Farooq Ali Khan",
      "createdDate": "2021-08-16T18:25:01.000Z",
      "fileName": "layouts/Asset-Asset Layout.layout",
      "fullName": "Asset-Asset Layout",
      "id": "00h5e00000CL1OIAA1",
      "lastModifiedById": "0055e000006r5hMAAQ",
      "lastModifiedByName": "Farooq Ali Khan",
      "lastModifiedDate": "2021-08-16T18:25:01.000Z",
      "manageableState": "unmanaged",
      "type": "Layout"
    },
    {
      "createdById": "0055e0000069BfrAAE",
      "createdByName": "salesforce.com, inc.",
      "createdDate": "2021-08-16T18:25:01.000Z",
      "fileName": "layouts/SocialPersona-Social Persona Layout.layout",
      "fullName": "SocialPersona-Social Persona Layout",
      "id": "00h5e00000CL1OAAA1",
      "lastModifiedById": "0055e0000069BfrAAE",
      "lastModifiedByName": "salesforce.com, inc.",
      "lastModifiedDate": "2021-08-16T18:25:01.000Z",
      "manageableState": "unmanaged",
      "type": "Layout"
    },
    {
      "createdById": "0055e0000069BfrAAE",
      "createdByName": "salesforce.com, inc.",
      "createdDate": "2021-08-16T18:27:59.000Z",
      "fileName": "layouts/AssetAction-Asset Action Layout.layout",
      "fullName": "AssetAction-Asset Action Layout",
      "id": "00h5e000008kk2PAAQ",
      "lastModifiedById": "0055e0000069BfrAAE",
      "lastModifiedByName": "salesforce.com, inc.",
      "lastModifiedDate": "2021-08-16T18:27:59.000Z",
      "manageableState": "unmanaged",
      "type": "Layout"
    },
    {
      "createdById": "0055e0000069BfrAAE",
      "createdByName": "salesforce.com, inc.",
      "createdDate": "2021-08-16T18:27:05.000Z",
      "fileName": "layouts/PaymentAuthAdjustment-Payment Authorization Adjustment Layout.layout",
      "fullName": "PaymentAuthAdjustment-Payment Authorization Adjustment Layout",
      "id": "00h5e000008kk1cAAA",
      "lastModifiedById": "0055e0000069BfrAAE",
      "lastModifiedByName": "salesforce.com, inc.",
      "lastModifiedDate": "2021-08-16T18:27:05.000Z",
      "manageableState": "unmanaged",
      "type": "Layout"
    },
    {
      "createdById": "0055e000006r5hMAAQ",
      "createdByName": "Farooq Ali Khan",
      "createdDate": "2021-08-16T18:25:01.000Z",
      "fileName": "layouts/Contact-Contact %28Support%29 Layout.layout",
      "fullName": "Contact-Contact %28Support%29 Layout",
      "id": "00h5e00000CL1MwAAL",
      "lastModifiedById": "0055e000006r5hMAAQ",
      "lastModifiedByName": "Farooq Ali Khan",
      "lastModifiedDate": "2021-08-17T15:40:22.000Z",
      "manageableState": "unmanaged",
      "type": "Layout"
    },
    {
      "createdById": "0055e000006r5hMAAQ",
      "createdByName": "Farooq Ali Khan",
      "createdDate": "2021-08-16T18:25:01.000Z",
      "fileName": "layouts/Lead-Lead %28Sales%29 Layout.layout",
      "fullName": "Lead-Lead %28Sales%29 Layout",
      "id": "00h5e00000CL1MzAAL",
      "lastModifiedById": "0055e000006r5hMAAQ",
      "lastModifiedByName": "Farooq Ali Khan",
      "lastModifiedDate": "2021-08-16T18:25:01.000Z",
      "manageableState": "unmanaged",
      "type": "Layout"
    },
    {
      "createdById": "0055e000006r5hMAAQ",
      "createdByName": "Farooq Ali Khan",
      "createdDate": "2021-08-16T18:25:01.000Z",
      "fileName": "layouts/Case-Case %28Sales%29 Layout.layout",
      "fullName": "Case-Case %28Sales%29 Layout",
      "id": "00h5e00000CL1MmAAL",
      "lastModifiedById": "0055e000006r5hMAAQ",
      "lastModifiedByName": "Farooq Ali Khan",
      "lastModifiedDate": "2021-08-16T18:25:01.000Z",
      "manageableState": "unmanaged",
      "type": "Layout"
    },
    {
      "createdById": "0055e0000069BfrAAE",
      "createdByName": "salesforce.com, inc.",
      "createdDate": "2021-08-16T18:25:01.000Z",
      "fileName": "layouts/DataUseLegalBasis-Data Use Legal Basis Layout.layout",
      "fullName": "DataUseLegalBasis-Data Use Legal Basis Layout",
      "id": "00h5e00000CL1OyAAL",
      "lastModifiedById": "0055e000006r5hMAAQ",
      "lastModifiedByName": "Farooq Ali Khan",
      "lastModifiedDate": "2021-08-16T18:27:07.000Z",
      "manageableState": "unmanaged",
      "type": "Layout"
    },
    {
      "createdById": "0055e0000069BfrAAE",
      "createdByName": "salesforce.com, inc.",
      "createdDate": "2021-08-16T18:25:01.000Z",
      "fileName": "layouts/CardPaymentMethod-Card Payment Method Layout.layout",
      "fullName": "CardPaymentMethod-Card Payment Method Layout",
      "id": "00h5e00000CL1NRAA1",
      "lastModifiedById": "0055e0000069BfrAAE",
      "lastModifiedByName": "salesforce.com, inc.",
      "lastModifiedDate": "2021-08-16T18:25:01.000Z",
      "manageableState": "unmanaged",
      "type": "Layout"
    },
    {
      "createdById": "0055e000006r5hMAAQ",
      "createdByName": "Farooq Ali Khan",
      "createdDate": "2021-08-16T18:25:01.000Z",
      "fileName": "layouts/Contact-Contact %28Sales%29 Layout.layout",
      "fullName": "Contact-Contact %28Sales%29 Layout",
      "id": "00h5e00000CL1MvAAL",
      "lastModifiedById": "0055e000006r5hMAAQ",
      "lastModifiedByName": "Farooq Ali Khan",
      "lastModifiedDate": "2021-08-17T15:40:22.000Z",
      "manageableState": "unmanaged",
      "type": "Layout"
    },
    {
      "createdById": "0055e0000069BfrAAE",
      "createdByName": "salesforce.com, inc.",
      "createdDate": "2021-08-16T18:28:02.000Z",
      "fileName": "layouts/FinanceTransaction-Finance Transaction Layout.layout",
      "fullName": "FinanceTransaction-Finance Transaction Layout",
      "id": "00h5e000008kk2TAAQ",
      "lastModifiedById": "0055e0000069BfrAAE",
      "lastModifiedByName": "salesforce.com, inc.",
      "lastModifiedDate": "2021-08-16T18:28:02.000Z",
      "manageableState": "unmanaged",
      "type": "Layout"
    },
    {
      "createdById": "0055e000006r5hMAAQ",
      "createdByName": "Farooq Ali Khan",
      "createdDate": "2021-08-16T18:25:01.000Z",
      "fileName": "layouts/Global-Global Layout.layout",
      "fullName": "Global-Global Layout",
      "id": "00h5e00000CL1N6AAL",
      "lastModifiedById": "0055e000006r5hMAAQ",
      "lastModifiedByName": "Farooq Ali Khan",
      "lastModifiedDate": "2021-08-16T18:25:01.000Z",
      "manageableState": "unmanaged",
      "type": "Layout"
    },
    {
      "createdById": "0055e000006r5hMAAQ",
      "createdByName": "Farooq Ali Khan",
      "createdDate": "2021-08-16T18:25:01.000Z",
      "fileName": "layouts/Product2-Product Layout.layout",
      "fullName": "Product2-Product Layout",
      "id": "00h5e00000CL1ORAA1",
      "lastModifiedById": "0055e000006r5hMAAQ",
      "lastModifiedByName": "Farooq Ali Khan",
      "lastModifiedDate": "2021-08-16T18:25:01.000Z",
      "manageableState": "unmanaged",
      "type": "Layout"
    },
    {
      "createdById": "0055e000006r5hMAAQ",
      "createdByName": "Farooq Ali Khan",
      "createdDate": "2021-08-16T18:25:01.000Z",
      "fileName": "layouts/Case-Case Layout.layout",
      "fullName": "Case-Case Layout",
      "id": "00h5e00000CL1MoAAL",
      "lastModifiedById": "0055e000006r5hMAAQ",
      "lastModifiedByName": "Farooq Ali Khan",
      "lastModifiedDate": "2021-08-16T18:25:01.000Z",
      "manageableState": "unmanaged",
      "type": "Layout"
    },
    {
      "createdById": "0055e000006r5hMAAQ",
      "createdByName": "Farooq Ali Khan",
      "createdDate": "2021-08-16T18:27:49.000Z",
      "fileName": "layouts/ContractLineItem-Contract Line Item Layout.layout",
      "fullName": "ContractLineItem-Contract Line Item Layout",
      "id": "00h5e000008kk1nAAA",
      "lastModifiedById": "0055e000006r5hMAAQ",
      "lastModifiedByName": "Farooq Ali Khan",
      "lastModifiedDate": "2021-08-16T18:27:49.000Z",
      "manageableState": "unmanaged",
      "type": "Layout"
    },
    {
      "createdById": "0055e0000069BfrAAE",
      "createdByName": "salesforce.com, inc.",
      "createdDate": "2021-08-16T18:25:01.000Z",
      "fileName": "layouts/DandBCompany-D%26B Company Layout.layout",
      "fullName": "DandBCompany-D%26B Company Layout",
      "id": "00h5e00000CL1NvAAL",
      "lastModifiedById": "0055e0000069BfrAAE",
      "lastModifiedByName": "salesforce.com, inc.",
      "lastModifiedDate": "2021-08-16T18:25:01.000Z",
      "manageableState": "unmanaged",
      "type": "Layout"
    },
    {
      "createdById": "0055e000006r5hMAAQ",
      "createdByName": "Farooq Ali Khan",
      "createdDate": "2021-08-16T18:25:01.000Z",
      "fileName": "layouts/Pricebook2-Price Book Layout.layout",
      "fullName": "Pricebook2-Price Book Layout",
      "id": "00h5e00000CL1NmAAL",
      "lastModifiedById": "0055e000006r5hMAAQ",
      "lastModifiedByName": "Farooq Ali Khan",
      "lastModifiedDate": "2021-08-16T18:25:01.000Z",
      "manageableState": "unmanaged",
      "type": "Layout"
    },
    {
      "createdById": "0055e0000069BfrAAE",
      "createdByName": "salesforce.com, inc.",
      "createdDate": "2021-08-16T18:25:01.000Z",
      "fileName": "layouts/AuthorizationFormDataUse-Authorization Form Data Use Layout.layout",
      "fullName": "AuthorizationFormDataUse-Authorization Form Data Use Layout",
      "id": "00h5e00000CL1OvAAL",
      "lastModifiedById": "0055e000006r5hMAAQ",
      "lastModifiedByName": "Farooq Ali Khan",
      "lastModifiedDate": "2021-08-16T18:27:07.000Z",
      "manageableState": "unmanaged",
      "type": "Layout"
    },
    {
      "createdById": "0055e0000069BfrAAE",
      "createdByName": "salesforce.com, inc.",
      "createdDate": "2021-08-16T18:25:01.000Z",
      "fileName": "layouts/ProcessException-Process Exception Layout.layout",
      "fullName": "ProcessException-Process Exception Layout",
      "id": "00h5e00000CL1NdAAL",
      "lastModifiedById": "0055e0000069BfrAAE",
      "lastModifiedByName": "salesforce.com, inc.",
      "lastModifiedDate": "2021-08-16T18:25:01.000Z",
      "manageableState": "unmanaged",
      "type": "Layout"
    },
    {
      "createdById": "0055e0000069BfrAAE",
      "createdByName": "salesforce.com, inc.",
      "createdDate": "2021-08-16T18:25:01.000Z",
      "fileName": "layouts/AuthorizationFormConsent-Authorization Form Consent Layout.layout",
      "fullName": "AuthorizationFormConsent-Authorization Form Consent Layout",
      "id": "00h5e00000CL1OuAAL",
      "lastModifiedById": "0055e000006r5hMAAQ",
      "lastModifiedByName": "Farooq Ali Khan",
      "lastModifiedDate": "2021-08-16T18:27:07.000Z",
      "manageableState": "unmanaged",
      "type": "Layout"
    },
    {
      "createdById": "0055e0000069BfrAAE",
      "createdByName": "salesforce.com, inc.",
      "createdDate": "2021-08-16T18:28:03.000Z",
      "fileName": "layouts/Invoice-Invoice Layout.layout",
      "fullName": "Invoice-Invoice Layout",
      "id": "00h5e000008kk2sAAA",
      "lastModifiedById": "0055e0000069BfrAAE",
      "lastModifiedByName": "salesforce.com, inc.",
      "lastModifiedDate": "2021-08-16T18:28:03.000Z",
      "manageableState": "unmanaged",
      "type": "Layout"
    },
    {
      "createdById": "0055e0000069BfrAAE",
      "createdByName": "salesforce.com, inc.",
      "createdDate": "2021-08-16T18:28:04.000Z",
      "fileName": "layouts/CreditMemoLine-Credit Memo Line Layout.layout",
      "fullName": "CreditMemoLine-Credit Memo Line Layout",
      "id": "00h5e000008kk31AAA",
      "lastModifiedById": "0055e0000069BfrAAE",
      "lastModifiedByName": "salesforce.com, inc.",
      "lastModifiedDate": "2021-08-16T18:28:04.000Z",
      "manageableState": "unmanaged",
      "type": "Layout"
    },
    {
      "createdById": "0055e0000069BfrAAE",
      "createdByName": "salesforce.com, inc.",
      "createdDate": "2021-08-16T18:25:01.000Z",
      "fileName": "layouts/CredentialStuffingEventStore-Credential Stuffing Event Store Layout.layout",
      "fullName": "CredentialStuffingEventStore-Credential Stuffing Event Store Layout",
      "id": "00h5e00000CL1OzAAL",
      "lastModifiedById": "0055e0000069BfrAAE",
      "lastModifiedByName": "salesforce.com, inc.",
      "lastModifiedDate": "2021-08-16T18:25:01.000Z",
      "manageableState": "unmanaged",
      "type": "Layout"
    },
    {
      "createdById": "0055e0000069BfrAAE",
      "createdByName": "salesforce.com, inc.",
      "createdDate": "2021-08-16T18:25:01.000Z",
      "fileName": "layouts/AuthorizationFormText-Authorization Form Text Layout.layout",
      "fullName": "AuthorizationFormText-Authorization Form Text Layout",
      "id": "00h5e00000CL1OtAAL",
      "lastModifiedById": "0055e000006r5hMAAQ",
      "lastModifiedByName": "Farooq Ali Khan",
      "lastModifiedDate": "2021-08-16T18:27:07.000Z",
      "manageableState": "unmanaged",
      "type": "Layout"
    },
    {
      "createdById": "0055e000006r5hMAAQ",
      "createdByName": "Farooq Ali Khan",
      "createdDate": "2021-08-16T18:25:01.000Z",
      "fileName": "layouts/Opportunity-Opportunity Layout.layout",
      "fullName": "Opportunity-Opportunity Layout",
      "id": "00h5e00000CL1N5AAL",
      "lastModifiedById": "0055e000006r5hMAAQ",
      "lastModifiedByName": "Farooq Ali Khan",
      "lastModifiedDate": "2021-08-16T18:25:01.000Z",
      "manageableState": "unmanaged",
      "type": "Layout"
    },
    {
      "createdById": "0055e000006r5hMAAQ",
      "createdByName": "Farooq Ali Khan",
      "createdDate": "2021-08-16T18:25:01.000Z",
      "fileName": "layouts/Solution-Solution Layout.layout",
      "fullName": "Solution-Solution Layout",
      "id": "00h5e00000CL1OSAA1",
      "lastModifiedById": "0055e000006r5hMAAQ",
      "lastModifiedByName": "Farooq Ali Khan",
      "lastModifiedDate": "2021-08-16T18:25:01.000Z",
      "manageableState": "unmanaged",
      "type": "Layout"
    }
  ]
}
