<?xml version="1.0" encoding="UTF-8"?>
<ApexSettings xmlns="http://soap.sforce.com/2006/04/metadata" xmlns:xsi="http://www.w3.org/2001/XMLSchema-instance">
    <enableAggregateCodeCoverageOnly>false</enableAggregateCodeCoverageOnly>
    <enableApexAccessRightsPref>false</enableApexAccessRightsPref>
    <enableApexApprovalLockUnlock>false</enableApexApprovalLockUnlock>
    <enableApexCtrlImplicitWithSharingPref>false</enableApexCtrlImplicitWithSharingPref>
    <enableApexPropertyGetterPref>false</enableApexPropertyGetterPref>
    <enableApexTestReqViewSetup xsi:nil="true"/>
    <enableAsyncRequiresViewSetup xsi:nil="true"/>
    <enableAuraApexCtrlAuthUserAccessCheckPref>false</enableAuraApexCtrlAuthUserAccessCheckPref>
    <enableAuraApexCtrlGuestUserAccessCheckPref>false</enableAuraApexCtrlGuestUserAccessCheckPref>
    <enableCompileOnDeploy>false</enableCompileOnDeploy>
    <enableDisableParallelApexTesting>false</enableDisableParallelApexTesting>
    <enableDoNotEmailDebugLog>false</enableDoNotEmailDebugLog>
    <enableGaplessTestAutoNum>true</enableGaplessTestAutoNum>
    <enableMngdCtrlActionAccessPref>false</enableMngdCtrlActionAccessPref>
    <enableNonCertifiedApexMdCrud>false</enableNonCertifiedApexMdCrud>
    <enableSecureNoArgConstructorPref>false</enableSecureNoArgConstructorPref>
</ApexSettings>
