<?xml version="1.0" encoding="UTF-8"?>
<CaseSettings xmlns="http://soap.sforce.com/2006/04/metadata">
    <caseAssignNotificationTemplate>unfiled$public/SupportCaseAssignmentNotification</caseAssignNotificationTemplate>
    <caseCreateNotificationTemplate>unfiled$public/SupportCaseCreatedPhoneInquiries</caseCreateNotificationTemplate>
    <caseFeedItemSettings>
        <characterLimit>400</characterLimit>
        <displayFormat>Default</displayFormat>
        <feedItemType>EmailMessageEvent</feedItemType>
    </caseFeedItemSettings>
    <caseFeedReadUnreadLtng>false</caseFeedReadUnreadLtng>
    <caseMergeInLightning>false</caseMergeInLightning>
    <closeCaseThroughStatusChange>false</closeCaseThroughStatusChange>
    <defaultCaseFeedLayoutOn>true</defaultCaseFeedLayoutOn>
    <defaultCaseOwner>falikhan@resourceful-wolf-j1y05u.com</defaultCaseOwner>
    <defaultCaseOwnerType>User</defaultCaseOwnerType>
    <defaultCaseUser>falikhan@resourceful-wolf-j1y05u.com</defaultCaseUser>
    <emailToCase>
        <enableEmailToCase>false</enableEmailToCase>
    </emailToCase>
    <enableCaseFeed>true</enableCaseFeed>
    <enableCollapseEmailThread>true</enableCollapseEmailThread>
    <enableEarlyEscalationRuleTriggers>false</enableEarlyEscalationRuleTriggers>
    <enableEscalateQfiToCaseInternal>false</enableEscalateQfiToCaseInternal>
    <enableMultiLangSolnSrchCSS>false</enableMultiLangSolnSrchCSS>
    <enableMultiLangSolnSrchPKB>false</enableMultiLangSolnSrchPKB>
    <enableMultiLangSolution>false</enableMultiLangSolution>
    <enableSolutionCategory>false</enableSolutionCategory>
    <enableSolutionInlineCategory>true</enableSolutionInlineCategory>
    <enableSolutionShortSummary>true</enableSolutionShortSummary>
    <enableSuggestedSolutions>true</enableSuggestedSolutions>
    <escalateCaseBefore>false</escalateCaseBefore>
    <notifyContactOnCaseComment>false</notifyContactOnCaseComment>
    <notifyDefaultCaseOwner>false</notifyDefaultCaseOwner>
    <notifyOwnerOnCaseComment>false</notifyOwnerOnCaseComment>
    <notifyOwnerOnCaseOwnerChange>false</notifyOwnerOnCaseOwnerChange>
    <showEmailAttachmentsInCaseAttachmentsRL>true</showEmailAttachmentsInCaseAttachmentsRL>
    <useSystemEmailAddress>true</useSystemEmailAddress>
    <useSystemUserAsDefaultCaseUser>false</useSystemUserAsDefaultCaseUser>
    <visibleInCssCheckbox>false</visibleInCssCheckbox>
    <webToCase>
        <caseOrigin>Web</caseOrigin>
        <defaultResponseTemplate>unfiled$public/SupportCaseCreatedWebInquiries</defaultResponseTemplate>
        <enableWebToCase>true</enableWebToCase>
    </webToCase>
</CaseSettings>
