<?xml version="1.0" encoding="UTF-8"?>
<MyDomainSettings xmlns="http://soap.sforce.com/2006/04/metadata">
    <canOnlyLoginWithMyDomainUrl>false</canOnlyLoginWithMyDomainUrl>
    <doesApiLoginRequireOrgDomain>false</doesApiLoginRequireOrgDomain>
    <enableNativeBrowserForAuthOnAndroid>false</enableNativeBrowserForAuthOnAndroid>
    <enableNativeBrowserForAuthOnIos>false</enableNativeBrowserForAuthOnIos>
    <myDomainName>resourceful-wolf-j1y05u-dev-ed</myDomainName>
    <myDomainSuffix>MySalesforceLimited</myDomainSuffix>
    <use3rdPartyCookieBlockingCompatibleHostnames>true</use3rdPartyCookieBlockingCompatibleHostnames>
    <useEdge>false</useEdge>
    <useStabilizedMyDomainHostnames>true</useStabilizedMyDomainHostnames>
    <useStabilizedSandboxMyDomainHostnames>true</useStabilizedSandboxMyDomainHostnames>
</MyDomainSettings>
