<?xml version="1.0" encoding="UTF-8"?>
<OrgSettings xmlns="http://soap.sforce.com/2006/04/metadata" xmlns:xsi="http://www.w3.org/2001/XMLSchema-instance">
    <enableCustomerSuccessPortal>false</enableCustomerSuccessPortal>
    <enableExtendedMailMerge xsi:nil="true"/>
    <enableMakeDeploymentsMandatory>true</enableMakeDeploymentsMandatory>
    <enableManageSelfServiceUsers>false</enableManageSelfServiceUsers>
    <enableRADeploymentAttributeOnly>true</enableRADeploymentAttributeOnly>
    <saveMailMergeDocsAsSalesforceDocs xsi:nil="true"/>
</OrgSettings>
