<?xml version="1.0" encoding="UTF-8"?>
<RealTimeEventSettings xmlns="http://soap.sforce.com/2006/04/metadata">
    <realTimeEvents>
        <entityName>ApiEvent</entityName>
        <isEnabled>false</isEnabled>
    </realTimeEvents>
    <realTimeEvents>
        <entityName>ApiEventStream</entityName>
        <isEnabled>false</isEnabled>
    </realTimeEvents>
    <realTimeEvents>
        <entityName>ApiAnomalyEventStore</entityName>
        <isEnabled>false</isEnabled>
    </realTimeEvents>
    <realTimeEvents>
        <entityName>ApiAnomalyEvent</entityName>
        <isEnabled>false</isEnabled>
    </realTimeEvents>
    <realTimeEvents>
        <entityName>BulkApiResultEventStore</entityName>
        <isEnabled>false</isEnabled>
    </realTimeEvents>
    <realTimeEvents>
        <entityName>BulkApiResultEvent</entityName>
        <isEnabled>false</isEnabled>
    </realTimeEvents>
    <realTimeEvents>
        <entityName>ConcurLongRunApexErrEvent</entityName>
        <isEnabled>false</isEnabled>
    </realTimeEvents>
    <realTimeEvents>
        <entityName>CredentialStuffingEventStore</entityName>
        <isEnabled>false</isEnabled>
    </realTimeEvents>
    <realTimeEvents>
        <entityName>CredentialStuffingEvent</entityName>
        <isEnabled>false</isEnabled>
    </realTimeEvents>
    <realTimeEvents>
        <entityName>IdentityVerificationEvent</entityName>
        <isEnabled>false</isEnabled>
    </realTimeEvents>
    <realTimeEvents>
        <entityName>IdentityProviderEventStore</entityName>
        <isEnabled>false</isEnabled>
    </realTimeEvents>
    <realTimeEvents>
        <entityName>LightningUriEvent</entityName>
        <isEnabled>false</isEnabled>
    </realTimeEvents>
    <realTimeEvents>
        <entityName>LightningUriEventStream</entityName>
        <isEnabled>false</isEnabled>
    </realTimeEvents>
    <realTimeEvents>
        <entityName>ListViewEvent</entityName>
        <isEnabled>false</isEnabled>
    </realTimeEvents>
    <realTimeEvents>
        <entityName>ListViewEventStream</entityName>
        <isEnabled>false</isEnabled>
    </realTimeEvents>
    <realTimeEvents>
        <entityName>LoginEvent</entityName>
        <isEnabled>false</isEnabled>
    </realTimeEvents>
    <realTimeEvents>
        <entityName>LoginEventStream</entityName>
        <isEnabled>false</isEnabled>
    </realTimeEvents>
    <realTimeEvents>
        <entityName>LoginAsEvent</entityName>
        <isEnabled>false</isEnabled>
    </realTimeEvents>
    <realTimeEvents>
        <entityName>LoginAsEventStream</entityName>
        <isEnabled>false</isEnabled>
    </realTimeEvents>
    <realTimeEvents>
        <entityName>LogoutEvent</entityName>
        <isEnabled>false</isEnabled>
    </realTimeEvents>
    <realTimeEvents>
        <entityName>LogoutEventStream</entityName>
        <isEnabled>false</isEnabled>
    </realTimeEvents>
    <realTimeEvents>
        <entityName>ReportEvent</entityName>
        <isEnabled>false</isEnabled>
    </realTimeEvents>
    <realTimeEvents>
        <entityName>ReportEventStream</entityName>
        <isEnabled>false</isEnabled>
    </realTimeEvents>
    <realTimeEvents>
        <entityName>ReportAnomalyEventStore</entityName>
        <isEnabled>false</isEnabled>
    </realTimeEvents>
    <realTimeEvents>
        <entityName>ReportAnomalyEvent</entityName>
        <isEnabled>false</isEnabled>
    </realTimeEvents>
    <realTimeEvents>
        <entityName>SessionHijackingEventStore</entityName>
        <isEnabled>false</isEnabled>
    </realTimeEvents>
    <realTimeEvents>
        <entityName>SessionHijackingEvent</entityName>
        <isEnabled>false</isEnabled>
    </realTimeEvents>
    <realTimeEvents>
        <entityName>UriEvent</entityName>
        <isEnabled>false</isEnabled>
    </realTimeEvents>
    <realTimeEvents>
        <entityName>UriEventStream</entityName>
        <isEnabled>false</isEnabled>
    </realTimeEvents>
</RealTimeEventSettings>
