<?xml version="1.0" encoding="UTF-8"?>
<CompactLayout xmlns="http://soap.sforce.com/2006/04/metadata">
    <fullName>Contact_Compact_Layout</fullName>
    <fields>Name</fields>
    <fields>Title</fields>
    <fields>AccountId</fields>
    <fields>Consent__c</fields>
    <fields>MobilePhone</fields>
    <fields>MailingAddress</fields>
    <fields>Maiden_Previous_Name__c</fields>
    <fields>Goes_By__c</fields>
    <fields>Twitter_Handle__c</fields>
    <label>Contact Compact Layout</label>
</CompactLayout>
